<?xml version="1.0" encoding="UTF-8"?>
<!DOCTYPE mapper
    PUBLIC "-//mybatis.org//DTD Mapper 3.0//EN"
    "http://mybatis.org/dtd/mybatis-3-mapper.dtd">
<mapper namespace="spring.web.mapper.MemberMapper">
	<select id="drawDayGraph" parameterType="String"  resultType="com.spring.dto.dayInfo_dto">
		select pk as day_,x,y
		from gps;
	</select>
	<select id="selectElement" resultType="com.spring.dto.element_dto">
		select substring(loadTime,1,4) as day_,x,y,AVG(element1) as element1,AVG(element2) as element2,AVG(element3) as element3
		from gpsInfo
		where x=#{x} AND y=#{y} group by day_;
	</select>
	<select id="monthData" resultType="com.spring.dto.element_dto">
		SELECT substring(loadTime,1,7) as day_,x,y,AVG(element1) as element1,AVG(element2) as element2,AVG(element3) as element3 
		FROM gpsInfo 
		WHERE x=#{x} AND y=#{y}AND substring(loadTime,1,4)=#{year} group by day_;
	</select>
	<select id="dayData" resultType="com.spring.dto.element_dto">
	SELECT substring(loadTime,1,10) as day_,x,y,AVG(element1) as element1,AVG(element2) as element2,AVG(element3) as element3  
		FROM gpsInfo 
		WHERE x=#{x} AND y=#{y} AND substring(loadTime,1,4)=#{year} AND substring(loadTime,6,2)=#{month}group by day_;
	</select>
	
	<select id="realTime" resultType="com.spring.dto.element_dto">
		select * 
		from gpsInfo 
		where pk = (select max(pk) from gpsInfo where x=#{x} AND y=#{y});
	</select>
	<insert id="insertData" parameterType="com.spring.dto.element_dto">
		insert into `gpsInfo`(`x`,`y`,`element1`,`element2`,`element3`) values(#{x},#{y},#{element1},#{element2},#{element3});
	</insert>
	<insert id="gpsadd" parameterType="com.spring.dto.dayInfo_dto">
		insert into `gps`(`x`,`y`) values(#{x},#{y});
	</insert>
</mapper>