<?xml version="1.0" encoding="UTF-8"?>
<beans xmlns="http://www.springframework.org/schema/beans"
	xmlns:xsi="http://www.w3.org/2001/XMLSchema-instance"
	xmlns:aop="http://www.springframework.org/schema/aop"
	xmlns:context="http://www.springframework.org/schema/context"
	xmlns:jdbc="http://www.springframework.org/schema/jdbc"
	xmlns:mybatis-spring="http://mybatis.org/schema/mybatis-spring"
	xsi:schemaLocation="http://www.springframework.org/schema/jdbc http://www.springframework.org/schema/jdbc/spring-jdbc-3.1.xsd
		http://mybatis.org/schema/mybatis-spring http://mybatis.org/schema/mybatis-spring-1.2.xsd
		http://www.springframework.org/schema/beans http://www.springframework.org/schema/beans/spring-beans.xsd
		http://www.springframework.org/schema/context http://www.springframework.org/schema/context/spring-context-3.1.xsd
		http://www.springframework.org/schema/aop http://www.springframework.org/schema/aop/spring-aop-3.1.xsd">
	
	<!-- Root Context: defines shared resources visible to all other web components -->
	<!-- 자신의 PC(로컬)에 MySql을 설치했을 경우 -->
    <bean id="dataSource"
        class="org.springframework.jdbc.datasource.DriverManagerDataSource">
        <property name="driverClassName" value="com.mysql.cj.jdbc.Driver"></property>
        <!--
      
         <property name="url"
           value="jdbc:mysql://localhost:3306/capstone?useSSL=false&amp;serverTimezone=UTC">
        </property>
		<property name="username" value="csy7792" />
		<property name="password" value="!Qtkddyd12" />
	   -->
	        <property name="url"
           value="jdbc:mysql://localhost:3306/jeane1993?useSSL=false&amp;serverTimezone=UTC">
        </property>
		<property name="username" value="jeane1993" />
		<property name="password" value="tenshi100!" />
	
    </bean>        
    <!-- mybatis SqlSessionFactoryBean -->
    <bean id="sqlSessionFactory" class="org.mybatis.spring.SqlSessionFactoryBean">
        <property name="dataSource" ref="dataSource"></property>
        <property name="mapperLocations" value="classpath:mapper/*.xml" />
        
        
    </bean>
    
    <bean id="sqlSession" class="org.mybatis.spring.SqlSessionTemplate">
  		<constructor-arg index="0" ref="sqlSessionFactory" />
	</bean>


</beans>
